EmployerID, Employer, City, State, Feedback
1, NA, NA, NA, NA
2, Fort Atkinson High School, Milton, WI, NA
3, University of Wisconsin - Whitewater, Whitewater, WI, NA
4, PerBlue, Madison, WI, NA
5, CUNA Mutual Group, Madison, WI, NA
6, TESCHGlobal, Milwaukee, WI, NA
7, Agate Software  Inc. , Lansing, MI, NA
8, Touchpad Electronics, Milwaukee, WI, NA
9, Skyline Technologies, Waukesha, WI, NA
10, Coating Place Inc, Madison, WI, NA
11, Blackthorne Capital Management LLC, Whitewater, WI, NA
12, Northwestern Mutual, Milwaukee, WI, NA
13, Epic, Madison, WI, NA
14, Skyline Technologies, Milwaukee, WI, NA
15, ISS Solutions, Langhorne, PA, NA
16, FatWallet  Inc. , Beloit, WI, NA
17, Quad/Graphics, Sussex, WI, NA
18, Great Lake Loan Services, Madison, WI, NA
19, Filament Games, Madison, WI, NA
20, Meeper Technology, Bangor, WI, NA
21, GameZombie TV, Whitewater, WI, NA
22, Acuity Insurance, Sheboygan, WI, NA
23, Wonderbox Technologies, Milwaukee, WI, NA
24, TDS, Middleton, WI, NA
25, Dedicated Computing, Waukesha, WI, NA
26, TDS Telecommunications Corp., Madison, WI, NA
27, Cash Depot, Greenville, WI, NA
28, Cerner, Kansas City, MI, NA
29, Quad/Graphics, Fort Atkinson, WI, NA
30, Lawrence University, Appleton, WI, NA
31, QuadMed LLC, Sussex, WI, NA
32, Express Scripts, Saint Louis, MO, NA
33, RegoConsulting, Janesville, WI, NA
34, Raven Software, Middleton, WI, NA
35, Grainger, Janesville, WI, NA
36, Avastone Technologies LLC , Waukesha, WI, NA
37, JDA Software, Waukesha, WI, NA
38, Midwest Prototyping, Fort Atkinson, WI, NA
39, Emmi Roth, Fitchburg, WI, NA
40, Rego Consulting, Fort Myers, FL, NA
41, Human Head Studios, Madison, WI, NA
42, Diesel Forward  Inc. , Windsor, WI, NA
43, Kerry, Janesville, WI, NA
44, National General Insurance, Milwaukee, WI, NA
45, U.S. Bank, Oshkosh, WI, NA
46, State of Wisconsin, Madison, WI, NA
47, MCIS (Marshfield Clinic Information Services), Marshfield, WI, NA
48, Lancaster Pollard, Columbus, OH, NA
49, American Family Insurance, Madison, WI, NA
50, Randstad Technologies US, Kenosha, WI, NA
51, Earthling InteractiveÂ , Madison, WI, NA
52, CliftonLarsonAllen, Madison, WI, NA
53, Widen Enterprises, Madison, WI, NA
54, TIP Technologies, Waukesha, WI, NA
55, AIDS Resource Center of Wisconsin, Milwaukee, WI, NA
56, State of Wisconsin of department of Children and Families, Madison, WI, NA
57, Ultratec  Inc. , Madison, WI, NA
58, Textron INC, Providence, RI, NA
59, Visual Solutions  Inc. , Gurnee, IL, NA
60, RSM US LLP, Minneapolis, MN, NA
61, Low Light Vapor, Whitewater, WI, NA
62, Topcon Positioning Systems, Fort Atkinson, WI, NA
63, OATI, St. Paul, MN, NA
64, Alliant Energy, Madison, WI, NA
65, Gallup, NA, NA, NA
66, U.S. Cellular, West Allis, WI, NA
67, TDS Telecommunications LLC, Madison, WI, NA
68, UnityPoint Health â€“ Meriter, Madison, WI, NA
69, MBIIT LTD., Ontario, Canada, NA
70, Digital Intent  LLC , Rockford, IL, NA
71, Apache Stainless Equipment Corporation, Beaver Dam, WI, NA
72, Industries for the Blind  Inc. , Milwaukee, WI, NA
73, Nautilus Insurance Company, Phoenix, AZ, NA
74, MGIC, Cudahy, WI, NA
75, Robert Half Technology, Madison, WI, NA
76, UW-Whitewater, Whitewater, WI, NA
77, OnCourse Learning, Brookfield, WI, NA
78, Wisconsin Innvoation Service Center, Whitewater, WI, NA
79, Spacer Fabricator, Waukesha, WI, NA
80, Guhring  Inc. , Brookfield, WI, NA
81, HUSCO International, Whitewater, WI, NA
82, Generac Power Systems, Waukesha, WI, NA
83, LeMans Corporation, Janesville, WI, NA
84, www.zacharymccormick.com, Milwaukee, WI, NA
85, A'viands, Whitewater, WI, NA
86, Mitchell Custom Lawns, Janesville, WI, NA
87, Wonderware Midwest, Brookfield, WI, NA
88, TEKsystems, Monona, WI, NA
89, UW-Whitewater University Housing, Whitewater, WI, NA
90, Northwestern Mutual, Franklin, WI, NA
91, UW-Whitewater Housing, Whitewater, WI, NA
92, Data Specialists  Inc , Elkhorn, WI, NA
93, Employed', Denver, CO, NA
94, Caterpillar, Mossville, IL, NA
95, Fis Global, Milwaukee, WI, NA
96, Data Dimension, Janesville, WI, NA
97, Google, Madison, WI, NA
98, Blain's Supply, Janesville, WI, NA
99, Nippon Shokken, Sacramento, CA, NA
100, Singlewire Software, Madison, WI, NA
101, Westbend Mutual, NA, NA, NA
102, Ibuttonlink LLC, Whitewater, WI, NA
103, The Options Clearing Corporation, Chicago, IL, NA
104, Isotropic, Lake Geneva, WI, NA
105, PDS, NA, NA, NA
