High school,State
Arrowhead High School,WI
Badger High School,WI
Bartlett High School,IL
Beaver Dam High School,WI
Beloit Memorial High School,WI
Brookfield East High School,WI
Cambridge High School,WI
Catholic Memorial High School,WI
Cedarburg High School,WI
Central High School,WI
Clinton High School,IA
DeForest Area High School,WI
East Troy High School,WI
Edgerton High School,WI
Elkhorn Area High School,WI
Evansville High School,WI
Fort Atkinson High School,WI
Grayslake Central High School,IL
Hampshire High School,IL
Harlem High School,IL
Harry D Jacobs High School,IL
Hartford Union High School,WI
Hartsburg-Emden High School,IL
Johnsburg High School,IL
Johnson Creek High School,WI
Kaukauna High School,WI
Kettle Moraine High School,WI
Lincoln-Way East High School,IL
Marquette University High School,WI
Marshall High School,WI
Memorial High School,WI
Menomonee Falls High School,WI
Middleton High School,WI
Milton High School,WI
Monroe High School,WI
Mukwonago High School,WI
New Berlin West,WI
Oconomowoc High School,WI
Palmyra-Eagle High School,WI
Plymouth High School,WI
Prairie Ridge High School,WI
Providence High School,IL
Riverside University High School,WI
Rock County Christian School,WI
Sauk Prairie High School,WI
Slinger High School,WI
South High School,WI
St. Francis High School,WI
Stoughton High School,WI
Sun Prairie High School,WI
Tomah High School,WI
Watertown High School,WI
Waunakee Community High School,WI
Wheeling High School,IL
Whitnall High School,WI
Winnebago High School,WI
,
